,Days,eCO2mean,eCO2sd
1,1,34.94853,1.9741380
2,3,30.04433,1.2197519
3,5,27.31103,1.8155063
4,7,21.04280,1.3845725
5,9,21.84829,1.3994999
6,11,19.71887,0.6986336
7,13,19.26134,1.2846696
8,15,19.59110,0.9241885
9,17,19.32115,1.2228009
10,19,18.72907,1.0988534
11,21,17.78799,1.2514199
12,23,16.08475,3.2379026
13,25,14.53419,2.8835046
14,27,15.65313,1.2449796
15,29,15.13487,1.1838648
16,31,14.57792,1.2653092
17,33,14.15222,1.2662378
18,35,14.00874,1.0111546